Escenario,Ingresos_Brutos,Gastos_Operativos,Ingreso_Neto,Rendimiento_Ticket,Tasa_Rendimiento_%
Conservador,447020.0,125165.6,321854.4,80463.6,8.9404
Moderado,529060.0,148136.80000000002,380923.19999999995,95230.79999999999,10.581199999999999
Optimista,602280.0,168638.40000000002,433641.6,108410.4,12.045599999999999
